{"cameraMode":{"drawMode":0,"name":"Shaded","section":"Shading Mode"},"sceneLighting":true,"audioPlay":false,"sceneViewState":{"m_AlwaysRefresh":false,"showFog":true,"showSkybox":true,"showFlares":true,"showImageEffects":true,"showParticleSystems":true,"showVisualEffectGraphs":true,"m_FxEnabled":true},"in2DMode":false,"pivot":{"x":-25.400712966918947,"y":23.461950302124025,"z":-19.792253494262697},"rotation":{"x":-0.22114357352256776,"y":-0.6171959638595581,"z":0.18653395771980287,"w":-0.7317145466804504},"size":0.6706702709197998,"orthographic":false}