{"cameraMode":{"drawMode":0,"name":"Shaded","section":"Shading Mode"},"sceneLighting":true,"audioPlay":false,"sceneViewState":{"m_AlwaysRefresh":false,"showFog":true,"showSkybox":true,"showFlares":true,"showImageEffects":true,"showParticleSystems":true,"showVisualEffectGraphs":true,"m_FxEnabled":true},"in2DMode":false,"pivot":{"x":-21.50616455078125,"y":17.398683547973634,"z":-30.766138076782228},"rotation":{"x":-0.20300118625164033,"y":-0.4004002809524536,"z":0.09139381349086762,"w":-0.8889222145080566},"size":0.41086697578430178,"orthographic":false}